Workbook

Sheet Summary
A1: Concentration | B1: Average Area | C1: Stdev Area | D1: # of Droplets | E1: Stdev Droplets | G1: Area Coverage | H1: Area Coverage Stdev
A2: =4000 -> 4000 | B2: ='Imported Data'!D8 -> 2.6261662 | C2: ='Imported Data'!D9 -> 0.09086895 | D2: ='Imported Data'!C8 -> 652 | E2: ='Imported Data'!C9 -> 26.673957 | G2: =B2*D2 -> 1712.2604 | H2: =SQRT(((C2/B2)^2)+((E2/D2)^2))*G2 -> 91.745251
A3: =2000 -> 2000 | B3: ='Imported Data'!D20 -> 2.2039454 | C3: ='Imported Data'!D21 -> 0.036928778 | D3: ='Imported Data'!C20 -> 959.6 | E3: ='Imported Data'!C21 -> 56.225439 | G3: =B3*D3 -> 2114.906 | H3: =SQRT(((C3/B3)^2)+((E3/D3)^2))*G3 -> 128.88519
A4: =1000 -> 1000 | B4: ='Imported Data'!D32 -> 1.8188226 | C4: ='Imported Data'!D33 -> 0.042820521 | D4: ='Imported Data'!C32 -> 1057 | E4: ='Imported Data'!C33 -> 54.373707 | G4: =B4*D4 -> 1922.4955 | H4: =SQRT(((C4/B4)^2)+((E4/D4)^2))*G4 -> 108.76134
A5: =500 -> 500 | B5: ='Imported Data'!D43 -> 2.1008148 | C5: ='Imported Data'!D44 -> 0.047652098 | D5: ='Imported Data'!C43 -> 1247.2 | E5: ='Imported Data'!C44 -> 59.187837 | G5: =B5*D5 -> 2620.1362 | H5: =SQRT(((C5/B5)^2)+((E5/D5)^2))*G5 -> 137.81593
A6: =250 -> 250 | B6: ='Imported Data'!D54 -> 2.6158434 | C6: ='Imported Data'!D55 -> 0.039845848 | D6: ='Imported Data'!C54 -> 834.8 | E6: ='Imported Data'!C55 -> 57.833381 | G6: =B6*D6 -> 2183.7061 | H6: =SQRT(((C6/B6)^2)+((E6/D6)^2))*G6 -> 154.89679
A7: =100 -> 100 | B7: ='Imported Data'!D65 -> 3.724178 | C7: ='Imported Data'!D66 -> 0.23641793 | D7: ='Imported Data'!C65 -> 474.4 | E7: ='Imported Data'!C66 -> 106.28641 | G7: =B7*D7 -> 1766.75 | H7: =SQRT(((C7/B7)^2)+((E7/D7)^2))*G7 -> 411.41233
A8: =50 -> 50 | B8: ='Imported Data'!D76 -> 4.1818446 | C8: ='Imported Data'!D77 -> 0.15035163 | D8: ='Imported Data'!C76 -> 623 | E8: ='Imported Data'!C77 -> 27.919527 | G8: =B8*D8 -> 2605.2892 | H8: =SQRT(((C8/B8)^2)+((E8/D8)^2))*G8 -> 149.68518
A9: =0 -> 0 | B9: ='Imported Data'!D98 -> 3.6793904 | C9: ='Imported Data'!D99 -> 0.18207468 | D9: ='Imported Data'!C98 -> 635.4 | E9: ='Imported Data'!C99 -> 29.159904 | G9: =B9*D9 -> 2337.8847 | H9: =SQRT(((C9/B9)^2)+((E9/D9)^2))*G9 -> 157.78315

Sheet Figure Panels

Sheet Imported Data
A1: 4 uM + 4 uM
A2: Filename | B2: Mask Method | C2: Number of Droplets | D2: Mean Area | E2: Area STDEV | F2: Area SEM | G2: Total Area | H2: Mean Circularity | I2: Circularity STDEV | J2: Circularity SEM | K2: Mean AR | L2: AR STDEV | M2: AR SEM | N2: Mean Intensity | O2: Intensity STDEV | P2: Intensity SEM
A3: 1021_Cy3.tif | B3: 8 | C3: 634 | D3: 2.669907 | E3: 1.102023 | F3: 0.043767 | G3: 1692.7209 | H3: 1.16271 | I3: 0.161087 | J3: 0.006398 | K3: 0.932086 | L3: 0.087116 | M3: 0.006398 | N3: 6312.1317 | O3: 2195.5191 | P3: 87.195201
A4: 1022_Cy3.tif | B4: 8 | C4: 679 | D4: 2.58799 | E4: 1.156558 | F4: 0.044385 | G4: 1757.2451 | H4: 1.159298 | I4: 0.12822 | J4: 0.004921 | K4: 0.938875 | L4: 0.074426 | M4: 0.004921 | N4: 6333.1244 | O4: 1424.3167 | P4: 54.66026
A5: 1023_Cy3.tif | B5: 8 | C5: 636 | D5: 2.736843 | E5: 1.050396 | F5: 0.041651 | G5: 1740.6324 | H5: 1.168815 | I5: 0.339097 | J5: 0.013446 | K5: 0.935715 | L5: 0.084965 | M5: 0.013446 | N5: 6633.5285 | O5: 1136.7879 | P5: 45.076573
A6: 1024_Cy3.tif | B6: 8 | C6: 683 | D6: 2.641027 | E6: 1.046007 | F6: 0.040024 | G6: 1803.8215 | H6: 1.168899 | I6: 0.271713 | J6: 0.010397 | K6: 0.93437 | L6: 0.082956 | M6: 0.010397 | N6: 6154.3474 | O6: 1968.6782 | P6: 75.329376
A7: 1025_Cy3.tif | B7: 8 | C7: 628 | D7: 2.495064 | E7: 1.013339 | F7: 0.040437 | G7: 1566.9004 | H7: 1.16332 | I7: 0.165391 | J7: 0.0066 | K7: 0.934369 | L7: 0.076959 | M7: 0.0066 | N7: 6590.3293 | O7: 1874.7195 | P7: 74.809453
A8: average | B8: =AVERAGE(B3:B7) -> 8 | C8: =AVERAGE(C3:C7) -> 652 | D8: =AVERAGE(D3:D7) -> 2.6261662 | E8: =AVERAGE(E3:E7) -> 1.0736646 | F8: =AVERAGE(F3:F7) -> 0.0420528 | G8: =AVERAGE(G3:G7) -> 1712.2641 | H8: =AVERAGE(H3:H7) -> 1.1646084 | I8: =AVERAGE(I3:I7) -> 0.2131016 | ... P8: =AVERAGE(P3:P7) -> 67.414173
A9: stdev | B9: =STDEV(B3:B7) -> 0 | C9: =STDEV(C3:C7) -> 26.673957 | D9: =STDEV(D3:D7) -> 0.09086895 | E9: =STDEV(E3:E7) -> 0.056171753 | F9: =STDEV(F3:F7) -> 0.0019535814 | G9: =STDEV(G3:G7) -> 90.447983 | H9: =STDEV(H3:H7) -> 0.004170401 | I9: =STDEV(I3:I7) -> 0.08873675 | ... P9: =STDEV(P3:P7) -> 17.104534
A10: sem | B10: =(B9/(SQRT(COUNT(B3:B7)))) -> 0 | C10: =(C9/(SQRT(COUNT(C3:C7)))) -> 11.928956 | D10: =(D9/(SQRT(COUNT(D3:D7)))) -> 0.04063783 | E10: =(E9/(SQRT(COUNT(E3:E7)))) -> 0.025120771 | F10: =(F9/(SQRT(COUNT(F3:F7)))) -> 0.00087366815 | G10: =(G9/(SQRT(COUNT(G3:G7)))) -> 40.449568 | H10: =(H9/(SQRT(COUNT(H3:H7)))) -> 0.00186506 | I10: =(I9/(SQRT(COUNT(I3:I7)))) -> 0.039684281 | ... P10: =(P9/(SQRT(COUNT(P3:P7)))) -> 7.6493802
A13: 4 uM + 2 uM DDX6
A14: Filename | B14: Mask Method | C14: Number of Droplets | D14: Mean Area | E14: Area STDEV | F14: Area SEM | G14: Total Area | H14: Mean Circularity | I14: Circularity STDEV | J14: Circularity SEM | K14: Mean AR | L14: AR STDEV | M14: AR SEM | N14: Mean Intensity | O14: Intensity STDEV | P14: Intensity SEM
A15: 1028_Cy3.tif | B15: 8 | C15: 1018 | D15: 2.168214 | E15: 0.881989 | F15: 0.027643 | G15: 2207.2414 | H15: 1.179873 | I15: 0.33466 | J15: 0.010489 | K15: 0.90438 | L15: 0.12361 | M15: 0.010489 | N15: 7425.3194 | O15: 1065.0231 | P15: 33.37991
A16: 1029_Cy3.tif | B16: 8 | C16: 1010 | D16: 2.20207 | E16: 0.901989 | F16: 0.028382 | G16: 2224.0907 | H16: 1.178682 | I16: 0.382574 | J16: 0.012038 | K16: 0.900467 | L16: 0.133185 | M16: 0.012038 | N16: 7321.6526 | O16: 1055.5098 | P16: 33.212501
A17: 1030_Cy3.tif | B17: 8 | C17: 950 | D17: 2.222065 | E17: 0.903651 | F17: 0.029318 | G17: 2110.9621 | H17: 1.159526 | I17: 0.178253 | J17: 0.005783 | K17: 0.909084 | L17: 0.127484 | M17: 0.005783 | N17: 7310.6866 | O17: 1117.413 | P17: 36.253664
A18: 1031_Cy3.tif | B18: 8 | C18: 939 | D18: 2.256447 | E18: 0.943584 | F18: 0.030793 | G18: 2118.8037 | H18: 1.173344 | I18: 0.291158 | J18: 0.009502 | K18: 0.909491 | L18: 0.121131 | M18: 0.009502 | N18: 6987.3904 | O18: 1152.6367 | P18: 37.614877
A19: 1032_Cy3.tif | B19: 8 | C19: 881 | D19: 2.170931 | E19: 0.876757 | F19: 0.029539 | G19: 1912.5899 | H19: 1.185551 | I19: 0.352417 | J19: 0.011873 | K19: 0.915273 | L19: 0.112217 | M19: 0.011873 | N19: 6930.9809 | O19: 1636.6374 | P19: 55.139715
A20: average | B20: =AVERAGE(B15:B19) -> 8 | C20: =AVERAGE(C15:C19) -> 959.6 | D20: =AVERAGE(D15:D19) -> 2.2039454 | E20: =AVERAGE(E15:E19) -> 0.901594 | F20: =AVERAGE(F15:F19) -> 0.029135 | G20: =AVERAGE(G15:G19) -> 2114.7376 | H20: =AVERAGE(H15:H19) -> 1.1753952 | I20: =AVERAGE(I15:I19) -> 0.3078124 | ... P20: =AVERAGE(P15:P19) -> 39.120133
A21: stdev | B21: =STDEV(B15:B19) -> 0 | C21: =STDEV(C15:C19) -> 56.225439 | D21: =STDEV(D15:D19) -> 0.036928778 | E21: =STDEV(E15:E19) -> 0.026309599 | F21: =STDEV(F15:F19) -> 0.0011977836 | G21: =STDEV(G15:G19) -> 123.90474 | H21: =STDEV(H15:H19) -> 0.009874626 | I21: =STDEV(I15:I19) -> 0.079628305 | ... P21: =STDEV(P15:P19) -> 9.1509525
A22: sem | B22: =(B21/(SQRT(COUNT(B15:B19)))) -> 0 | C22: =(C21/(SQRT(COUNT(C15:C19)))) -> 25.144781 | D22: =(D21/(SQRT(COUNT(D15:D19)))) -> 0.016515052 | E22: =(E21/(SQRT(COUNT(E15:E19)))) -> 0.01176601 | F22: =(F21/(SQRT(COUNT(F15:F19)))) -> 0.0005356651 | G22: =(G21/(SQRT(COUNT(G15:G19)))) -> 55.411882 | H22: =(H21/(SQRT(COUNT(H15:H19)))) -> 0.004416067 | I22: =(I21/(SQRT(COUNT(I15:I19)))) -> 0.035610861 | ... P22: =(P21/(SQRT(COUNT(P15:P19)))) -> 4.0924304
A25: 4 uM + 1 uM DDX6
A26: Filename | B26: Mask Method | C26: Number of Droplets | D26: Mean Area | E26: Area STDEV | F26: Area SEM | G26: Total Area | H26: Mean Circularity | I26: Circularity STDEV | J26: Circularity SEM | K26: Mean AR | L26: AR STDEV | M26: AR SEM | N26: Mean Intensity | O26: Intensity STDEV | P26: Intensity SEM
A27: 1033_Cy3.tif | B27: 8 | C27: 1028 | D27: 1.843021 | E27: 1.048965 | F27: 0.032716 | G27: 1894.6252 | H27: 1.206621 | I27: 0.499987 | J27: 0.015594 | K27: 0.842318 | L27: 0.18174 | M27: 0.015594 | N27: 5119.4097 | O27: 819.30957 | P27: 25.553564
A28: 1034_Cy3.tif | B28: 8 | C28: 1037 | D28: 1.834995 | E28: 0.927083 | F28: 0.028789 | G28: 1902.8893 | H28: 1.164822 | I28: 0.342323 | J28: 0.01063 | K28: 0.835997 | L28: 0.180401 | M28: 0.01063 | N28: 5046.5486 | O28: 756.72528 | P28: 23.498972
A29: 1035_Cy3.tif | B29: 8 | C29: 1045 | D29: 1.868299 | E29: 1.029984 | F29: 0.031862 | G29: 1952.3725 | H29: 1.186135 | I29: 0.450273 | J29: 0.013929 | K29: 0.828809 | L29: 0.181906 | M29: 0.013929 | N29: 5019.08 | O29: 797.96995 | P29: 24.684731
A30: 1036_Cy3.tif | B30: 8 | C30: 1022 | D30: 1.775145 | E30: 0.971074 | F30: 0.030376 | G30: 1814.1981 | H30: 1.229437 | I30: 0.565848 | J30: 0.0177 | K30: 0.842181 | L30: 0.17279 | M30: 0.0177 | N30: 5020.7832 | O30: 808.30651 | P30: 25.284282
A31: 1037_Cy3.tif | B31: 8 | C31: 1153 | D31: 1.772653 | E31: 0.924832 | F31: 0.027236 | G31: 2043.8691 | H31: 1.190337 | I31: 0.36666 | J31: 0.010798 | K31: 0.857106 | L31: 0.167797 | M31: 0.010798 | N31: 5079.4633 | O31: 743.85082 | P31: 21.906409
A32: average | B32: =AVERAGE(B27:B31) -> 8 | C32: =AVERAGE(C27:C31) -> 1057 | D32: =AVERAGE(D27:D31) -> 1.8188226 | E32: =AVERAGE(E27:E31) -> 0.9803876 | F32: =AVERAGE(F27:F31) -> 0.0301958 | G32: =AVERAGE(G27:G31) -> 1921.5908 | H32: =AVERAGE(H27:H31) -> 1.1954704 | I32: =AVERAGE(I27:I31) -> 0.4450182 | ... P32: =AVERAGE(P27:P31) -> 24.185592
A33: stdev | B33: =STDEV(B27:B31) -> 0 | C33: =STDEV(C27:C31) -> 54.373707 | D33: =STDEV(D27:D31) -> 0.042820521 | E33: =STDEV(E27:E31) -> 0.057396017 | F33: =STDEV(F27:F31) -> 0.0022304487 | G33: =STDEV(G27:G31) -> 84.423897 | H33: =STDEV(H27:H31) -> 0.024139655 | I33: =STDEV(I27:I31) -> 0.09264898 | ... P33: =STDEV(P27:P31) -> 1.4994773
A34: sem | B34: =(B33/(SQRT(COUNT(B27:B31)))) -> 0 | C34: =(C33/(SQRT(COUNT(C27:C31)))) -> 24.316661 | D34: =(D33/(SQRT(COUNT(D27:D31)))) -> 0.019149919 | E34: =(E33/(SQRT(COUNT(E27:E31)))) -> 0.025668279 | F34: =(F33/(SQRT(COUNT(F27:F31)))) -> 0.00099748696 | G34: =(G33/(SQRT(COUNT(G27:G31)))) -> 37.755514 | H34: =(H33/(SQRT(COUNT(H27:H31)))) -> 0.010795582 | I34: =(I33/(SQRT(COUNT(I27:I31)))) -> 0.041433884 | ... P34: =(P33/(SQRT(COUNT(P27:P31)))) -> 0.67058665
A36: 4 uM + 500 nM DDX6
A37: Filename | B37: Mask Method | C37: Number of Droplets | D37: Mean Area | E37: Area STDEV | F37: Area SEM | G37: Total Area | H37: Mean Circularity | I37: Circularity STDEV | J37: Circularity SEM | K37: Mean AR | L37: AR STDEV | M37: AR SEM | N37: Mean Intensity | O37: Intensity STDEV | P37: Intensity SEM
A38: 1038_Cy3.tif | B38: 8 | C38: 1326 | D38: 2.033073 | E38: 1.097056 | F38: 0.030127 | G38: 2695.8542 | H38: 1.178692 | I38: 0.493928 | J38: 0.013564 | K38: 0.827435 | L38: 0.174555 | M38: 0.013564 | N38: 5602.667 | O38: 843.06393 | P38: 23.152012
A39: 1039_Cy3.tif | B39: 8 | C39: 1286 | D39: 2.071577 | E39: 1.112314 | F39: 0.031017 | G39: 2664.0484 | H39: 1.186301 | I39: 0.551175 | J39: 0.01537 | K39: 0.833025 | L39: 0.172784 | M39: 0.01537 | N39: 5606.6378 | O39: 811.41463 | P39: 22.626759
A40: 1040_Cy3.tif | B40: 8 | C40: 1238 | D40: 2.133632 | E40: 1.14257 | F40: 0.032473 | G40: 2641.4362 | H40: 1.158551 | I40: 0.440086 | J40: 0.012508 | K40: 0.827902 | L40: 0.17415 | M40: 0.012508 | N40: 5904.85 | O40: 908.83565 | P40: 25.830037
A41: 1041_Cy3.tif | B41: 8 | C41: 1206 | D41: 2.148766 | E41: 1.174501 | F41: 0.03382 | G41: 2591.4122 | H41: 1.162004 | I41: 0.454149 | J41: 0.013077 | K41: 0.820483 | L41: 0.182424 | M41: 0.013077 | N41: 5463.0901 | O41: 798.15668 | P41: 22.983412
A42: 1042_Cy3.tif | B42: 8 | C42: 1180 | D42: 2.117026 | E42: 1.121497 | F42: 0.032648 | G42: 2498.0904 | H42: 1.180841 | I42: 0.506135 | J42: 0.014734 | K42: 0.831749 | L42: 0.176263 | M42: 0.014734 | N42: 5664.4889 | O42: 898.24083 | P42: 26.148802
A43: average | B43: =AVERAGE(B38:B42) -> 8 | C43: =AVERAGE(C38:C42) -> 1247.2 | D43: =AVERAGE(D38:D42) -> 2.1008148 | E43: =AVERAGE(E38:E42) -> 1.1295876 | F43: =AVERAGE(F38:F42) -> 0.032017 | G43: =AVERAGE(G38:G42) -> 2618.1683 | H43: =AVERAGE(H38:H42) -> 1.1732778 | I43: =AVERAGE(I38:I42) -> 0.4890946 | ... P43: =AVERAGE(P38:P42) -> 24.148204
A44: stdev | B44: =STDEV(B38:B42) -> 0 | C44: =STDEV(C38:C42) -> 59.187837 | D44: =STDEV(D38:D42) -> 0.047652098 | E44: =STDEV(E38:E42) -> 0.030032883 | F44: =STDEV(F38:F42) -> 0.0014516375 | G44: =STDEV(G38:G42) -> 77.162278 | H44: =STDEV(H38:H42) -> 0.012248434 | I44: =STDEV(I38:I42) -> 0.044132615 | ... P44: =STDEV(P38:P42) -> 1.6952056
A45: sem | B45: =(B44/(SQRT(COUNT(B38:B42)))) -> 0 | C45: =(C44/(SQRT(COUNT(C38:C42)))) -> 26.469605 | D45: =(D44/(SQRT(COUNT(D38:D42)))) -> 0.021310666 | E45: =(E44/(SQRT(COUNT(E38:E42)))) -> 0.013431114 | F45: =(F44/(SQRT(COUNT(F38:F42)))) -> 0.00064919204 | G45: =(G44/(SQRT(COUNT(G38:G42)))) -> 34.50802 | H45: =(H44/(SQRT(COUNT(H38:H42)))) -> 0.005477666 | I45: =(I44/(SQRT(COUNT(I38:I42)))) -> 0.019736706 | ... P45: =(P44/(SQRT(COUNT(P38:P42)))) -> 0.758119
A47: 4 uM + 250 nM DDX6
A48: Filename | B48: Mask Method | C48: Number of Droplets | D48: Mean Area | E48: Area STDEV | F48: Area SEM | G48: Total Area | H48: Mean Circularity | I48: Circularity STDEV | J48: Circularity SEM | K48: Mean AR | L48: AR STDEV | M48: AR SEM | N48: Mean Intensity | O48: Intensity STDEV | P48: Intensity SEM
A49: 1016_Cy3.tif | B49: 8 | C49: 744 | D49: 2.639239 | E49: 1.402064 | F49: 0.051402 | G49: 1963.5941 | H49: 1.167306 | I49: 0.258667 | J49: 0.009483 | K49: 0.896281 | L49: 0.119595 | M49: 0.009483 | N49: 6326.3293 | O49: 1125.7022 | P49: 41.270245
A50: 1017_Cy3.tif | B50: 8 | C50: 815 | D50: 2.670117 | E50: 1.330301 | F50: 0.046598 | G50: 2176.1454 | H50: 1.147367 | I50: 0.247846 | J50: 0.008682 | K50: 0.894108 | L50: 0.124534 | M50: 0.008682 | N50: 6322.6845 | O50: 1150.9215 | P50: 40.315022
A51: 1018_Cy3.tif | B51: 8 | C51: 852 | D51: 2.577825 | E51: 1.289919 | F51: 0.044192 | G51: 2196.3071 | H51: 1.159148 | I51: 0.285044 | J51: 0.009765 | K51: 0.891395 | L51: 0.128295 | M51: 0.009765 | N51: 6701.2894 | O51: 1083.9977 | P51: 37.13715
A52: 1019_Cy3.tif | B52: 8 | C52: 875 | D52: 2.578322 | E52: 1.323001 | F52: 0.044726 | G52: 2256.0317 | H52: 1.175136 | I52: 0.442706 | J52: 0.014966 | K52: 0.890175 | L52: 0.126201 | M52: 0.014966 | N52: 6342.018 | O52: 1047.0336 | P52: 35.396195
A53: 1020_Cy3.tif | B53: 8 | C53: 888 | D53: 2.613714 | E53: 1.346372 | F53: 0.045181 | G53: 2320.9784 | H53: 1.152281 | I53: 0.264812 | J53: 0.008887 | K53: 0.885229 | L53: 0.128702 | M53: 0.008887 | N53: 6383.9447 | O53: 1341.0105 | P53: 45.001364
A54: average | B54: =AVERAGE(B49:B53) -> 8 | C54: =AVERAGE(C49:C53) -> 834.8 | D54: =AVERAGE(D49:D53) -> 2.6158434 | E54: =AVERAGE(E49:E53) -> 1.3383314 | F54: =AVERAGE(F49:F53) -> 0.0464198 | G54: =AVERAGE(G49:G53) -> 2182.6113 | H54: =AVERAGE(H49:H53) -> 1.1602476 | I54: =AVERAGE(I49:I53) -> 0.299815 | ... P54: =AVERAGE(P49:P53) -> 39.823995
A55: stdev | B55: =STDEV(B49:B53) -> 0 | C55: =STDEV(C49:C53) -> 57.833381 | D55: =STDEV(D49:D53) -> 0.039845848 | E55: =STDEV(E49:E53) -> 0.041139289 | F55: =STDEV(F49:F53) -> 0.0029249252 | G55: =STDEV(G49:G53) -> 134.84614 | H55: =STDEV(H49:H53) -> 0.011203472 | I55: =STDEV(I49:I53) -> 0.081017228 | ... P55: =STDEV(P49:P53) -> 3.7404026
A56: sem | B56: =(B55/(SQRT(COUNT(B49:B53)))) -> 0 | C56: =(C55/(SQRT(COUNT(C49:C53)))) -> 25.863874 | D56: =(D55/(SQRT(COUNT(D49:D53)))) -> 0.017819605 | E56: =(E55/(SQRT(COUNT(E49:E53)))) -> 0.01839805 | F56: =(F55/(SQRT(COUNT(F49:F53)))) -> 0.0013080663 | G56: =(G55/(SQRT(COUNT(G49:G53)))) -> 60.305027 | H56: =(H55/(SQRT(COUNT(H49:H53)))) -> 0.0050103451 | I56: =(I55/(SQRT(COUNT(I49:I53)))) -> 0.036232006 | ... P56: =(P55/(SQRT(COUNT(P49:P53)))) -> 1.6727589
A58: 4 uM + 100 nM DDX6
A59: Filename | B59: Mask Method | C59: Number of Droplets | D59: Mean Area | E59: Area STDEV | F59: Area SEM | G59: Total Area | H59: Mean Circularity | I59: Circularity STDEV | J59: Circularity SEM | K59: Mean AR | L59: AR STDEV | M59: AR SEM | N59: Mean Intensity | O59: Intensity STDEV | P59: Intensity SEM
A60: 1011_Cy3.tif | B60: 8 | C60: 623 | D60: 4.047916 | E60: 2.044856 | F60: 0.081925 | G60: 2521.8518 | H60: 1.132848 | I60: 0.332516 | J60: 0.013322 | K60: 0.921506 | L60: 0.0879 | M60: 0.013322 | N60: 9256.9389 | O60: 1829.9073 | P60: 73.31369
A61: 1012_Cy3.tif | B61: 8 | C61: 535 | D61: 3.89515 | E61: 1.912492 | F61: 0.082684 | G61: 2083.9052 | H61: 1.13083 | I61: 0.281546 | J61: 0.012172 | K61: 0.927533 | L61: 0.075496 | M61: 0.012172 | N61: 9196.0527 | O61: 1789.1852 | P61: 77.35322
A62: 1013_Cy3.tif | B62: 8 | C62: 461 | D62: 3.6144 | E62: 1.737736 | F62: 0.080934 | G62: 1666.2386 | H62: 1.138682 | I62: 0.278995 | J62: 0.012994 | K62: 0.928331 | L62: 0.081268 | M62: 0.012994 | N62: 8570.265 | O62: 1864.236 | P62: 86.826127
A63: 1014_Cy3.tif | B63: 8 | C63: 383 | D63: 3.49049 | E63: 1.706706 | F63: 0.087209 | G63: 1336.8576 | H63: 1.12635 | I63: 0.081755 | J63: 0.004178 | K63: 0.932324 | L63: 0.069357 | M63: 0.004178 | N63: 7747.1856 | O63: 2097.7399 | P63: 107.1895
A64: 1015_Cy3.tif | B64: 8 | C64: 370 | D64: 3.572934 | E64: 1.623218 | F64: 0.084387 | G64: 1321.9856 | H64: 1.124756 | I64: 0.071552 | J64: 0.00372 | K64: 0.937895 | L64: 0.056638 | M64: 0.00372 | N64: 7415.2497 | O64: 1353.4591 | P64: 70.36299
A65: average | B65: =AVERAGE(B60:B64) -> 8 | C65: =AVERAGE(C60:C64) -> 474.4 | D65: =AVERAGE(D60:D64) -> 3.724178 | E65: =AVERAGE(E60:E64) -> 1.8050016 | F65: =AVERAGE(F60:F64) -> 0.0834278 | G65: =AVERAGE(G60:G64) -> 1786.1678 | H65: =AVERAGE(H60:H64) -> 1.1306932 | I65: =AVERAGE(I60:I64) -> 0.2092728 | ... P65: =AVERAGE(P60:P64) -> 83.009106
A66: stdev | B66: =STDEV(B60:B64) -> 0 | C66: =STDEV(C60:C64) -> 106.28641 | D66: =STDEV(D60:D64) -> 0.23641793 | E66: =STDEV(E60:E64) -> 0.17052586 | F66: =STDEV(F60:F64) -> 0.0024621242 | G66: =STDEV(G60:G64) -> 515.1714 | H66: =STDEV(H60:H64) -> 0.0055361659 | I66: =STDEV(I60:I64) -> 0.12298506 | ... P66: =STDEV(P60:P64) -> 14.87595
A67: sem | B67: =(B66/(SQRT(COUNT(B60:B64)))) -> 0 | C67: =(C66/(SQRT(COUNT(C60:C64)))) -> 47.532726 | D67: =(D66/(SQRT(COUNT(D60:D64)))) -> 0.10572931 | E67: =(E66/(SQRT(COUNT(E60:E64)))) -> 0.076261485 | F67: =(F66/(SQRT(COUNT(F60:F64)))) -> 0.0011010954 | G67: =(G66/(SQRT(COUNT(G60:G64)))) -> 230.39165 | H67: =(H66/(SQRT(COUNT(H60:H64)))) -> 0.0024758487 | I67: =(I66/(SQRT(COUNT(I60:I64)))) -> 0.055000589 | ... P67: =(P66/(SQRT(COUNT(P60:P64)))) -> 6.652727
A69: 4 uM + 50 nM DDX6
A70: Filename | B70: Mask Method | C70: Number of Droplets | D70: Mean Area | E70: Area STDEV | F70: Area SEM | G70: Total Area | H70: Mean Circularity | I70: Circularity STDEV | J70: Circularity SEM | K70: Mean AR | L70: AR STDEV | M70: AR SEM | N70: Mean Intensity | O70: Intensity STDEV | P70: Intensity SEM
A71: 1006_Cy3.tif | B71: 8 | C71: 643 | D71: 4.05968 | E71: 2.247966 | F71: 0.088651 | G71: 2610.374 | H71: 1.11601 | I71: 0.095218 | J71: 0.003755 | K71: 0.919996 | L71: 0.071398 | M71: 0.003755 | N71: 10331.504 | O71: 1929.5951 | P71: 76.095804
A72: 1007_Cy3.tif | B72: 8 | C72: 641 | D72: 4.106094 | E72: 2.295516 | F72: 0.090667 | G72: 2632.006 | H72: 1.127428 | I72: 0.254375 | J72: 0.010047 | K72: 0.909316 | L72: 0.090423 | M72: 0.010047 | N72: 10038.722 | O72: 1899.1877 | P72: 75.013405
A73: 1008_Cy3.tif | B73: 8 | C73: 646 | D73: 4.054901 | E73: 2.237278 | F73: 0.088025 | G73: 2619.4662 | H73: 1.120401 | I73: 0.107837 | J73: 0.004243 | K73: 0.920099 | L73: 0.074058 | M73: 0.004243 | N73: 9105.5844 | O73: 1751.9547 | P73: 68.929737
A74: 1009_Cy3.tif | B74: 8 | C74: 591 | D74: 4.323312 | E74: 2.391508 | F74: 0.098374 | G74: 2555.0772 | H74: 1.116417 | I74: 0.135325 | J74: 0.005567 | K74: 0.916284 | L74: 0.085198 | M74: 0.005567 | N74: 8780.3145 | O74: 1725.9516 | P74: 70.996163
A75: 1010_Cy3.tif | B75: 8 | C75: 594 | D75: 4.365236 | E75: 2.363174 | F75: 0.096962 | G75: 2592.9501 | H75: 1.114423 | I75: 0.18071 | J75: 0.007415 | K75: 0.91398 | L75: 0.083776 | M75: 0.007415 | N75: 8866.9469 | O75: 1758.3455 | P75: 72.145789
A76: average | B76: =AVERAGE(B71:B75) -> 8 | C76: =AVERAGE(C71:C75) -> 623 | D76: =AVERAGE(D71:D75) -> 4.1818446 | E76: =AVERAGE(E71:E75) -> 2.3070884 | F76: =AVERAGE(F71:F75) -> 0.0925358 | G76: =AVERAGE(G71:G75) -> 2601.9747 | H76: =AVERAGE(H71:H75) -> 1.1189358 | I76: =AVERAGE(I71:I75) -> 0.154693 | ... P76: =AVERAGE(P71:P75) -> 72.63618
A77: stdev | B77: =STDEV(B71:B75) -> 0 | C77: =STDEV(C71:C75) -> 27.919527 | D77: =STDEV(D71:D75) -> 0.15035163 | E77: =STDEV(E71:E75) -> 0.068511192 | F77: =STDEV(F71:F75) -> 0.0048116324 | G77: =STDEV(G71:G75) -> 29.82951 | H77: =STDEV(H71:H75) -> 0.0052329317 | I77: =STDEV(I71:I75) -> 0.064655366 | ... P77: =STDEV(P71:P75) -> 2.9278002
A78: sem | B78: =(B77/(SQRT(COUNT(B71:B75)))) -> 0 | C78: =(C77/(SQRT(COUNT(C71:C75)))) -> 12.485992 | D78: =(D77/(SQRT(COUNT(D71:D75)))) -> 0.067239293 | E78: =(E77/(SQRT(COUNT(E71:E75)))) -> 0.030639137 | F78: =(F77/(SQRT(COUNT(F71:F75)))) -> 0.0021518274 | G78: =(G77/(SQRT(COUNT(G71:G75)))) -> 13.340162 | H78: =(H77/(SQRT(COUNT(H71:H75)))) -> 0.0023402382 | I78: =(I77/(SQRT(COUNT(I71:I75)))) -> 0.028914759 | ... P78: =(P77/(SQRT(COUNT(P71:P75)))) -> 1.309352
A80: 4 uM + 25 nM DDX6
A81: Filename | B81: Mask Method | C81: Number of Droplets | D81: Mean Area | E81: Area STDEV | F81: Area SEM | G81: Total Area | H81: Mean Circularity | I81: Circularity STDEV | J81: Circularity SEM | K81: Mean AR | L81: AR STDEV | M81: AR SEM | N81: Mean Intensity | O81: Intensity STDEV | P81: Intensity SEM
A82: 1001_Cy3.tif | B82: 8 | C82: 686 | D82: 3.475216 | E82: 1.87541 | F82: 0.071603 | G82: 2383.9985 | H82: 1.124173 | I82: 0.172065 | J82: 0.006569 | K82: 0.904818 | L82: 0.104541 | M82: 0.006569 | N82: 14615.135 | O82: 2699.7695 | P82: 103.07768
A83: 1002_Cy3.tif | B83: 8 | C83: 672 | D83: 3.400622 | E83: 1.807901 | F83: 0.069741 | G83: 2285.218 | H83: 1.131658 | I83: 0.211389 | J83: 0.008155 | K83: 0.899394 | L83: 0.111824 | M83: 0.008155 | N83: 14360.332 | O83: 2656.4173 | P83: 102.47352
A84: 1003_Cy3.tif | B84: 8 | C84: 652 | D84: 3.307035 | E84: 1.841117 | F84: 0.072104 | G84: 2156.1865 | H84: 1.135645 | I84: 0.244586 | J84: 0.009579 | K84: 0.906169 | L84: 0.094369 | M84: 0.009579 | N84: 12403.678 | O84: 2464.8992 | P84: 96.532902
A85: 1004_Cy3.tif | B85: 8 | C85: 645 | D85: 3.23487 | E85: 1.852909 | F85: 0.072958 | G85: 2086.4909 | H85: 1.148529 | I85: 0.284219 | J85: 0.011191 | K85: 0.905268 | L85: 0.099008 | M85: 0.011191 | N85: 12068.805 | O85: 2341.5421 | P85: 92.198132
A86: 1005_Cy3.tif | B86: 8 | C86: 603 | D86: 3.349367 | E86: 1.725504 | F86: 0.070268 | G86: 2019.6683 | H86: 1.143255 | I86: 0.302121 | J86: 0.012303 | K86: 0.9105 | L86: 0.097151 | M86: 0.012303 | N86: 11000.687 | O86: 1972.8373 | P86: 80.340144
A87: average | B87: =AVERAGE(B82:B86) -> 8 | C87: =AVERAGE(C82:C86) -> 651.6 | D87: =AVERAGE(D82:D86) -> 3.353422 | E87: =AVERAGE(E82:E86) -> 1.8205682 | F87: =AVERAGE(F82:F86) -> 0.0713348 | G87: =AVERAGE(G82:G86) -> 2186.3124 | H87: =AVERAGE(H82:H86) -> 1.136652 | I87: =AVERAGE(I82:I86) -> 0.242876 | ... P87: =AVERAGE(P82:P86) -> 94.924476
A88: stdev | B88: =STDEV(B82:B86) -> 0 | C88: =STDEV(C82:C86) -> 31.643325 | D88: =STDEV(D82:D86) -> 0.091220053 | E88: =STDEV(E82:E86) -> 0.058466793 | F88: =STDEV(F82:F86) -> 0.0013206664 | G88: =STDEV(G82:G86) -> 147.9056 | H88: =STDEV(H82:H86) -> 0.0095700348 | I88: =STDEV(I82:I86) -> 0.052980578 | ... P88: =STDEV(P82:P86) -> 9.3030314
A89: sem | B89: =(B88/(SQRT(COUNT(B82:B86)))) -> 0 | C89: =(C88/(SQRT(COUNT(C82:C86)))) -> 14.151325 | D89: =(D88/(SQRT(COUNT(D82:D86)))) -> 0.040794848 | E89: =(E88/(SQRT(COUNT(E82:E86)))) -> 0.026147145 | F89: =(F88/(SQRT(COUNT(F82:F86)))) -> 0.00059061996 | G89: =(G88/(SQRT(COUNT(G82:G86)))) -> 66.145397 | H89: =(H88/(SQRT(COUNT(H82:H86)))) -> 0.0042798497 | I89: =(I88/(SQRT(COUNT(I82:I86)))) -> 0.023693635 | ... P89: =(P88/(SQRT(COUNT(P82:P86)))) -> 4.1604421
A91: 4 uM FUS
A92: Filename | B92: Mask Method | C92: Number of Droplets | D92: Mean Area | E92: Area STDEV | F92: Area SEM | G92: Total Area | H92: Mean Circularity | I92: Circularity STDEV | J92: Circularity SEM | K92: Mean AR | L92: AR STDEV | M92: AR SEM | N92: Mean Intensity | O92: Intensity STDEV | P92: Intensity SEM
A93: 1076_Cy3.tif | B93: 8 | C93: 650 | D93: 3.370692 | E93: 2.307404 | F93: 0.090504 | G93: 2190.9498 | H93: 1.126151 | I93: 0.247447 | J93: 0.009706 | K93: 0.835243 | L93: 0.126747 | M93: 0.009706 | N93: 23641.151 | O93: 6513.977 | P93: 255.4992
A94: 1077_Cy3.tif | B94: 8 | C94: 585 | D94: 3.664093 | E94: 2.586405 | F94: 0.106935 | G94: 2143.4946 | H94: 1.156143 | I94: 0.425477 | J94: 0.017591 | K94: 0.855057 | L94: 0.130216 | M94: 0.017591 | N94: 23928.058 | O94: 7090.309 | P94: 293.1482
A95: 1078_Cy3.tif | B95: 8 | C95: 637 | D95: 3.752543 | E95: 2.855784 | F95: 0.11315 | G95: 2390.3698 | H95: 1.139271 | I95: 0.283892 | J95: 0.011248 | K95: 0.859236 | L95: 0.115677 | M95: 0.011248 | N95: 24604.583 | O95: 7339.5915 | P95: 290.8052
A96: 1079_Cy3.tif | B96: 8 | C96: 658 | D96: 3.816292 | E96: 2.899127 | F96: 0.11302 | G96: 2511.1203 | H96: 1.119627 | I96: 0.286975 | J96: 0.011187 | K96: 0.834435 | L96: 0.133888 | M96: 0.011187 | N96: 24994.693 | O96: 7219.5931 | P96: 281.44904
A97: 1080_Cy3.tif | B97: 8 | C97: 647 | D97: 3.793332 | E97: 2.892033 | F97: 0.113698 | G97: 2454.2856 | H97: 1.162709 | I97: 0.545767 | J97: 0.021456 | K97: 0.834706 | L97: 0.135293 | M97: 0.021456 | N97: 25187.07 | O97: 7103.4804 | P97: 279.26663
A98: average | B98: =AVERAGE(B93:B97) -> 8 | C98: =AVERAGE(C93:C97) -> 635.4 | D98: =AVERAGE(D93:D97) -> 3.6793904 | E98: =AVERAGE(E93:E97) -> 2.7081506 | F98: =AVERAGE(F93:F97) -> 0.1074614 | G98: =AVERAGE(G93:G97) -> 2338.044 | H98: =AVERAGE(H93:H97) -> 1.1407802 | I98: =AVERAGE(I93:I97) -> 0.3579116 | ... P98: =AVERAGE(P93:P97) -> 280.03366
A99: stdev | B99: =STDEV(B93:B97) -> 0 | C99: =STDEV(C93:C97) -> 29.159904 | D99: =STDEV(D93:D97) -> 0.18207468 | E99: =STDEV(E93:E97) -> 0.25860209 | F99: =STDEV(F93:F97) -> 0.009874005 | G99: =STDEV(G93:G97) -> 162.55128 | H99: =STDEV(H93:H97) -> 0.018578462 | I99: =STDEV(I93:I97) -> 0.12506805 | ... P99: =STDEV(P93:P97) -> 14.937777
A100: sem | B100: =(B99/(SQRT(COUNT(B93:B97)))) -> 0 | C100: =(C99/(SQRT(COUNT(C93:C97)))) -> 13.040706 | D100: =(D99/(SQRT(COUNT(D93:D97)))) -> 0.081426271 | E100: =(E99/(SQRT(COUNT(E93:E97)))) -> 0.11565037 | F100: =(F99/(SQRT(COUNT(F93:F97)))) -> 0.0044157893 | G100: =(G99/(SQRT(COUNT(G93:G97)))) -> 72.695143 | H100: =(H99/(SQRT(COUNT(H93:H97)))) -> 0.0083085406 | I100: =(I99/(SQRT(COUNT(I93:I97)))) -> 0.055932131 | ... P100: =(P99/(SQRT(COUNT(P93:P97)))) -> 6.6803769
